OBJECTID,Shape,STATEFP10,COUNTYFP10,TRACTCE10,GEOID10,NAME10,NAMELSAD10,MTFCC10,FUNCSTAT10,ALAND10,AWATER10,INTPTLAT10,INTPTLON10,City,Shape_Length,Shape_Area
113,,26,163,543800,26163543800,5438,Census Tract 5438,G5020,S,999331,0,+42.3894072,-083.2540332,Detroit,13339.69203,10755561.14
114,,26,163,543700,26163543700,5437,Census Tract 5437,G5020,S,1324931,0,+42.3894635,-083.2386147,Detroit,18354.71964,14259894.54
115,,26,163,543600,26163543600,5436,Census Tract 5436,G5020,S,1404089,0,+42.3968066,-083.2510232,Detroit,16729.1983,15111785.45
116,,26,163,543500,26163543500,5435,Census Tract 5435,G5020,S,934313,0,+42.4040427,-083.2498756,Detroit,12898.61308,10055779.25
117,,26,163,543400,26163543400,5434,Census Tract 5434,G5020,S,1062119,0,+42.4015679,-083.2374736,Detroit,15694.60076,11431289.54
118,,26,163,504100,26163504100,5041,Census Tract 5041,G5020,S,738734,0,+42.4153882,-082.9679696,Detroit,15563.06424,7950813.13
119,,26,163,504000,26163504000,5040,Census Tract 5040,G5020,S,632070,0,+42.4169793,-082.9776759,Detroit,10410.1822,6802787.047
120,,26,163,503900,26163503900,5039,Census Tract 5039,G5020,S,983950,0,+42.4134536,-082.9873463,Detroit,15005.58294,10589999.86
121,,26,163,503600,26163503600,5036,Census Tract 5036,G5020,S,738902,0,+42.4249818,-082.9967805,Detroit,15093.2073,7952576.502
122,,26,163,503500,26163503500,5035,Census Tract 5035,G5020,S,1615235,0,+42.4312541,-082.9922641,Detroit,18782.21334,17384291.5
123,,26,163,503400,26163503400,5034,Census Tract 5034,G5020,S,670279,0,+42.4389974,-082.9801546,Detroit,11076.32412,7213987.404
124,,26,163,503300,26163503300,5033,Census Tract 5033,G5020,S,1298176,0,+42.4383158,-082.9950446,Detroit,15869.70215,13971841.81
125,,26,163,503200,26163503200,5032,Census Tract 5032,G5020,S,1271340,0,+42.4454982,-082.9953169,Detroit,15785.59891,13683015.61
126,,26,163,503100,26163503100,5031,Census Tract 5031,G5020,S,980539,0,+42.4461391,-082.9778891,Detroit,13748.24421,10553242.02
127,,26,163,502000,26163502000,5020,Census Tract 5020,G5020,S,894356,0,+42.3932938,-082.9469658,Detroit,13137.46267,9625788.96
128,,26,163,501900,26163501900,5019,Census Tract 5019,G5020,S,742662,0,+42.3952603,-082.9401000,Detroit,12635.55447,7993133.487
1,,26,163,524800,26163524800,5248,Census Tract 5248,G5020,S,1118325,0,+42.2630997,-083.1615912,Detroit,14666.80217,12036757.66
2,,26,163,521900,26163521900,5219,Census Tract 5219,G5020,S,1692449,0,+42.3503993,-083.0805337,Detroit,22567.22661,18215569.82
3,,26,163,521800,26163521800,5218,Census Tract 5218,G5020,S,224907,0,+42.3461214,-083.0712523,Detroit,6800.035307,2420653.532
4,,26,163,521500,26163521500,5215,Census Tract 5215,G5020,S,1507941,0,+42.3368603,-083.0763920,Detroit,18245.53627,16229879.41
5,,26,163,521400,26163521400,5214,Census Tract 5214,G5020,S,1305626,0,+42.3305838,-083.0730165,Detroit,18164.81096,14052350.64
6,,26,163,521300,26163521300,5213,Census Tract 5213,G5020,S,969178,0,+42.3341230,-083.0929489,Detroit,15651.78458,10431171.58
7,,26,163,521100,26163521100,5211,Census Tract 5211,G5020,S,1600031,117811,+42.3208768,-083.0808652,Detroit,21869.61747,18489084.75
8,,26,163,985300,26163985300,9853,Census Tract 9853,G5020,S,1105371,379735,+42.3203926,-083.0701382,Detroit,20447.94163,15984165.14
9,,26,163,520800,26163520800,5208,Census Tract 5208,G5020,S,1348294,686823,+42.3254678,-083.0537969,Detroit,22388.55869,21903999.06
10,,26,163,520700,26163520700,5207,Census Tract 5207,G5020,S,767428,0,+42.3347168,-083.0554556,Detroit,12492.64753,8259743.069
11,,26,163,520400,26163520400,5204,Census Tract 5204,G5020,S,409578,0,+42.3481561,-083.0675930,Detroit,9228.842883,4408277.485
12,,26,163,520300,26163520300,5203,Census Tract 5203,G5020,S,451117,0,+42.3497881,-083.0627334,Detroit,9324.066129,4855334.668
13,,26,163,516900,26163516900,5169,Census Tract 5169,G5020,S,615129,0,+42.3446547,-083.0302450,Detroit,10875.92768,6620552.823
14,,26,163,516800,26163516800,5168,Census Tract 5168,G5020,S,983256,0,+42.3560005,-083.0254934,Detroit,15893.74127,10582697.76
15,,26,163,516700,26163516700,5167,Census Tract 5167,G5020,S,1199188,0,+42.3483954,-083.0210206,Detroit,15183.77985,12906746.49
16,,26,163,516600,26163516600,5166,Census Tract 5166,G5020,S,691101,0,+42.3413645,-083.0201887,Detroit,14034.16715,7438277.882
17,,26,163,516500,26163516500,5165,Census Tract 5165,G5020,S,1338782,1045874,+42.3375655,-083.0148583,Detroit,25762.64089,25665913.42
18,,26,163,516400,26163516400,5164,Census Tract 5164,G5020,S,1030497,0,+42.3508558,-083.0096137,Detroit,13910.10205,11091127.15
19,,26,163,516300,26163516300,5163,Census Tract 5163,G5020,S,619160,0,+42.3595713,-083.0152242,Detroit,10291.31476,6663933.331
20,,26,163,516200,26163516200,5162,Census Tract 5162,G5020,S,565213,0,+42.3661558,-083.0189390,Detroit,10562.49952,6083282.544
21,,26,163,516100,26163516100,5161,Census Tract 5161,G5020,S,1349362,0,+42.3756603,-083.0258411,Detroit,16999.6569,14522918.47
22,,26,163,515700,26163515700,5157,Census Tract 5157,G5020,S,1208050,1059803,+42.3530390,-082.9871415,Detroit,22676.57458,24408802.24
23,,26,163,515600,26163515600,5156,Census Tract 5156,G5020,S,864898,0,+42.3639483,-082.9917654,Detroit,14751.77993,9308826.423
24,,26,163,515400,26163515400,5154,Census Tract 5154,G5020,S,902465,0,+42.3609676,-082.9963793,Detroit,15915.42907,9713123.646
25,,26,163,515300,26163515300,5153,Census Tract 5153,G5020,S,795120,0,+42.3532902,-083.0005510,Detroit,11786.06119,8557810.046
26,,26,163,515200,26163515200,5152,Census Tract 5152,G5020,S,929506,0,+42.3616627,-083.0056672,Detroit,12740.28141,10004154.11
27,,26,163,514500,26163514500,5145,Census Tract 5145,G5020,S,563936,0,+42.3753160,-082.9999028,Detroit,10649.60458,6069547.354
28,,26,163,520200,26163520200,5202,Census Tract 5202,G5020,S,826138,0,+42.3572141,-083.0699378,Detroit,11956.53645,8891602.894
29,,26,163,518800,26163518800,5188,Census Tract 5188,G5020,S,1415467,0,+42.3597016,-083.0372366,Detroit,16500.36687,15234530.47
30,,26,163,518600,26163518600,5186,Census Tract 5186,G5020,S,741602,0,+42.3647264,-083.0294479,Detroit,12071.52612,7981736.232
31,,26,163,518500,26163518500,5185,Census Tract 5185,G5020,S,800479,0,+42.3732892,-083.0345719,Detroit,11956.38294,8615388.75
32,,26,163,518400,26163518400,5184,Census Tract 5184,G5020,S,1056546,0,+42.3698286,-083.0441079,Detroit,13483.2564,11371453.44
33,,26,163,518000,26163518000,5180,Census Tract 5180,G5020,S,851150,0,+42.3624987,-083.0613713,Detroit,12281.85711,9160801.303
34,,26,163,517500,26163517500,5175,Census Tract 5175,G5020,S,1101313,0,+42.3541327,-083.0560746,Detroit,13910.91254,11853296.09
35,,26,163,517200,26163517200,5172,Census Tract 5172,G5020,S,1632385,447536,+42.3338393,-083.0390113,Detroit,24549.78005,22386149.67
36,,26,163,517100,26163517100,5171,Census Tract 5171,G5020,S,280696,0,+42.3358287,-083.0330442,Detroit,7298.636009,3021114.647
37,,26,163,517000,26163517000,5170,Census Tract 5170,G5020,S,574447,0,+42.3408105,-083.0361037,Detroit,11091.59674,6182727.652
38,,26,163,514300,26163514300,5143,Census Tract 5143,G5020,S,2019290,0,+42.3888619,-082.9934067,Detroit,21469.71046,21733265.8
39,,26,163,514100,26163514100,5141,Census Tract 5141,G5020,S,1609639,0,+42.3798303,-082.9893988,Detroit,16882.69137,17324284.52
40,,26,163,513900,26163513900,5139,Census Tract 5139,G5020,S,1286288,0,+42.3722151,-082.9837943,Detroit,15452.48309,13844176.33
41,,26,163,513600,26163513600,5136,Census Tract 5136,G5020,S,978906,0,+42.3657136,-082.9802179,Detroit,14326.94442,10535879.46
42,,26,163,513300,26163513300,5133,Census Tract 5133,G5020,S,1616439,1705828,+42.3582384,-082.9413094,Detroit,31790.83122,35757346.34
43,,26,163,513200,26163513200,5132,Census Tract 5132,G5020,S,927895,0,+42.3679701,-082.9383380,Detroit,15524.11933,9986846.033
44,,26,163,512900,26163512900,5129,Census Tract 5129,G5020,S,1514795,0,+42.3755477,-082.9504678,Detroit,16884.67326,16303544.57
45,,26,163,512600,26163512600,5126,Census Tract 5126,G5020,S,1383722,0,+42.3820764,-082.9560601,Detroit,16889.07486,14892766.72
46,,26,163,512400,26163512400,5124,Census Tract 5124,G5020,S,1001617,0,+42.3908867,-082.9560714,Detroit,13272.86553,10780241.84
47,,26,163,512300,26163512300,5123,Census Tract 5123,G5020,S,793826,0,+42.3882982,-082.9663155,Detroit,12532.10304,8543845.148
48,,26,163,512100,26163512100,5121,Census Tract 5121,G5020,S,1193422,0,+42.3989089,-082.9638962,Detroit,14475.47575,12844570.01
49,,26,163,511900,26163511900,5119,Census Tract 5119,G5020,S,1152679,0,+42.3735241,-083.0718813,Detroit,17631.22168,12406104.52
50,,26,163,985900,26163985900,9859,Census Tract 9859,G5020,S,625321,0,+42.3662243,-083.0526570,Detroit,10687.39124,6730219.604
51,,26,163,985200,26163985200,9852,Census Tract 9852,G5020,S,2436034,0,+42.3785776,-082.9715216,Detroit,22530.07369,26218704.26
52,,26,163,511200,26163511200,5112,Census Tract 5112,G5020,S,1342645,0,+42.3763856,-083.0658451,Detroit,18031.07588,14450613.72
53,,26,163,985100,26163985100,9851,Census Tract 9851,G5020,S,2925019,0,+42.3777226,-083.0564328,Detroit,36279.42856,31481360.91
54,,26,163,510700,26163510700,5107,Census Tract 5107,G5020,S,567158,0,+42.3936461,-083.0398776,Detroit,13230.14448,6104170.609
55,,26,163,510600,26163510600,5106,Census Tract 5106,G5020,S,1381368,0,+42.4074065,-083.0465471,Detroit,20485.72961,14867244.62
56,,26,163,510500,26163510500,5105,Census Tract 5105,G5020,S,1433504,0,+42.4086539,-083.0689077,Detroit,17334.38533,15428391.32
57,,26,163,510400,26163510400,5104,Census Tract 5104,G5020,S,1582438,26408,+42.4147480,-083.0760398,Detroit,18557.79108,17315552.05
58,,26,163,508000,26163508000,5080,Census Tract 5080,G5020,S,1780908,0,+42.4392203,-083.1132634,Detroit,19272.40267,19167212.09
59,,26,163,507900,26163507900,5079,Census Tract 5079,G5020,S,1060854,0,+42.4263906,-083.1066037,Detroit,15427.40147,11417635.59
60,,26,163,507800,26163507800,5078,Census Tract 5078,G5020,S,1270564,0,+42.4243919,-083.0970382,Detroit,16811.38348,13674648.44
61,,26,163,546900,26163546900,5469,Census Tract 5469,G5020,S,1151356,0,+42.3739170,-083.2228469,Detroit,18643.62617,12391776.73
62,,26,163,985000,26163985000,9850,Census Tract 9850,G5020,S,703655,0,+42.3453308,-083.1280797,Detroit,14380.67369,7573355.624
63,,26,163,526500,26163526500,5265,Census Tract 5265,G5020,S,971613,0,+42.3481772,-083.1404328,Detroit,13859.51902,10457336.72
64,,26,163,507500,26163507500,5075,Census Tract 5075,G5020,S,893431,0,+42.4432546,-083.0881317,Detroit,13035.2223,9615640.964
65,,26,163,507400,26163507400,5074,Census Tract 5074,G5020,S,1239599,0,+42.4362144,-083.0856365,Detroit,15778.27211,13341337.25
66,,26,163,507300,26163507300,5073,Census Tract 5073,G5020,S,1309881,0,+42.4262623,-083.0877402,Detroit,15595.47658,14097749.45
67,,26,163,507200,26163507200,5072,Census Tract 5072,G5020,S,754611,0,+42.4209193,-083.0737640,Detroit,13071.32969,8121642.514
68,,26,163,507100,26163507100,5071,Census Tract 5071,G5020,S,1079666,0,+42.4277494,-083.0763573,Detroit,13917.11508,11620019.11
69,,26,163,507000,26163507000,5070,Census Tract 5070,G5020,S,1186008,0,+42.4296948,-083.0621938,Detroit,15275.10378,12764601.17
70,,26,163,506900,26163506900,5069,Census Tract 5069,G5020,S,1208312,0,+42.4368143,-083.0671656,Detroit,15452.42911,13004590.23
71,,26,163,506800,26163506800,5068,Census Tract 5068,G5020,S,1748868,0,+42.4438513,-083.0676404,Detroit,20149.18604,18822378.24
72,,26,163,506700,26163506700,5067,Census Tract 5067,G5020,S,935177,0,+42.4441868,-083.0465810,Detroit,12974.31059,10064932.85
73,,26,163,506600,26163506600,5066,Census Tract 5066,G5020,S,1236920,0,+42.4370474,-083.0485200,Detroit,15419.55312,13312484.02
74,,26,163,506500,26163506500,5065,Census Tract 5065,G5020,S,955943,0,+42.4298760,-083.0459797,Detroit,13065.64015,10288511.87
75,,26,163,506400,26163506400,5064,Census Tract 5064,G5020,S,1824590,0,+42.4225996,-083.0523153,Detroit,20569.32073,19637390.33
76,,26,163,546800,26163546800,5468,Census Tract 5468,G5020,S,1300241,0,+42.3697567,-083.2297901,Detroit,17422.80812,13994263.03
77,,26,163,546700,26163546700,5467,Census Tract 5467,G5020,S,1278386,0,+42.3613063,-083.2262460,Detroit,15810.50625,13759127.66
78,,26,163,546600,26163546600,5466,Census Tract 5466,G5020,S,725856,0,+42.3610566,-083.2415451,Detroit,11203.33,7812280.116
79,,26,163,546500,26163546500,5465,Census Tract 5465,G5020,S,659195,0,+42.3682497,-083.2411333,Detroit,10643.0194,7094806.497
80,,26,163,546400,26163546400,5464,Census Tract 5464,G5020,S,650476,0,+42.3754399,-083.2413545,Detroit,10496.75058,7000936.315
81,,26,163,546300,26163546300,5463,Census Tract 5463,G5020,S,3878646,44983,+42.3664397,-083.2586109,Detroit,26750.59542,42229274.98
82,,26,163,546100,26163546100,5461,Census Tract 5461,G5020,S,1265971,0,+42.3508568,-083.2405854,Detroit,16001.27619,13625468.45
83,,26,163,546000,26163546000,5460,Census Tract 5460,G5020,S,1279812,0,+42.3540965,-083.2261440,Detroit,15703.92568,13774424.2
84,,26,163,545900,26163545900,5459,Census Tract 5459,G5020,S,1265294,0,+42.3468695,-083.2259311,Detroit,15642.69227,13618256.16
85,,26,163,545800,26163545800,5458,Census Tract 5458,G5020,S,1448105,0,+42.3396092,-083.2268502,Detroit,17112.77953,15585871.77
86,,26,163,545700,26163545700,5457,Census Tract 5457,G5020,S,1093578,0,+42.3328249,-083.2242628,Detroit,16466.1799,11770082.56
87,,26,163,545600,26163545600,5456,Census Tract 5456,G5020,S,1316856,0,+42.3399009,-083.2060508,Detroit,16061.62711,14173217.5
88,,26,163,545500,26163545500,5455,Census Tract 5455,G5020,S,1318294,0,+42.3471339,-083.2064028,Detroit,16033.0686,14188648.83
89,,26,163,545400,26163545400,5454,Census Tract 5454,G5020,S,1305955,0,+42.3543681,-083.2066365,Detroit,15934.57589,14055827.39
90,,26,163,522400,26163522400,5224,Census Tract 5224,G5020,S,959049,0,+42.3609881,-083.0833636,Detroit,13818.29867,10322100.53
91,,26,163,533900,26163533900,5339,Census Tract 5339,G5020,S,1353343,0,+42.3685171,-083.0774349,Detroit,16898.13401,14565764.67
92,,26,163,524900,26163524900,5249,Census Tract 5249,G5020,S,3652752,265454,+42.2904837,-083.1246926,Detroit,30915.99566,42172091.77
93,,26,163,506300,26163506300,5063,Census Tract 5063,G5020,S,1941719,0,+42.4265859,-083.0313176,Detroit,18452.87966,20898057.63
94,,26,163,506200,26163506200,5062,Census Tract 5062,G5020,S,983484,0,+42.4374798,-083.0316910,Detroit,13233.63784,10584830.55
95,,26,163,506100,26163506100,5061,Census Tract 5061,G5020,S,922606,0,+42.4445674,-083.0320133,Detroit,12992.70162,9929654.286
96,,26,163,505200,26163505200,5052,Census Tract 5052,G5020,S,1065967,0,+42.4138010,-083.0035037,Detroit,16151.2828,11472682.52
97,,26,163,505100,26163505100,5051,Census Tract 5051,G5020,S,2147647,0,+42.4403465,-083.0179417,Detroit,24412.09019,23114328.88
98,,26,163,505000,26163505000,5050,Census Tract 5050,G5020,S,758140,0,+42.4391006,-083.0087283,Detroit,14664.1549,8159541.009
99,,26,163,504900,26163504900,5049,Census Tract 5049,G5020,S,2249050,0,+42.4263378,-083.0129968,Detroit,19615.16838,24205655.65
100,,26,163,504800,26163504800,5048,Census Tract 5048,G5020,S,3159508,0,+42.4089695,-083.0133701,Detroit,24551.31874,34004861.06
101,,26,163,504700,26163504700,5047,Census Tract 5047,G5020,S,1311772,0,+42.3941500,-083.0172716,Detroit,16173.27232,14118264.76
102,,26,163,504400,26163504400,5044,Census Tract 5044,G5020,S,969533,0,+42.4030542,-082.9892425,Detroit,13361.6696,10434862.08
103,,26,163,504300,26163504300,5043,Census Tract 5043,G5020,S,946108,0,+42.4055763,-082.9803156,Detroit,13358.28036,10182720.98
104,,26,163,504200,26163504200,5042,Census Tract 5042,G5020,S,1007001,0,+42.4081498,-082.9717558,Detroit,13658.31448,10838122.26
105,,26,163,545300,26163545300,5453,Census Tract 5453,G5020,S,1283067,0,+42.3616038,-083.2068681,Detroit,15854.55623,13809473.65
106,,26,163,545200,26163545200,5452,Census Tract 5452,G5020,S,1254532,0,+42.3688227,-083.2069235,Detroit,15483.81303,13502301.97
107,,26,163,545100,26163545100,5451,Census Tract 5451,G5020,S,1150195,0,+42.3757244,-083.2071726,Detroit,15075.09463,12379328.14
108,,26,163,544300,26163544300,5443,Census Tract 5443,G5020,S,1915273,0,+42.4086903,-083.2749743,Detroit,21664.88075,20613478.33
109,,26,163,544200,26163544200,5442,Census Tract 5442,G5020,S,1277816,0,+42.4073688,-083.2619700,Detroit,15912.66705,13752791.16
110,,26,163,544100,26163544100,5441,Census Tract 5441,G5020,S,1844070,0,+42.3929346,-083.2685039,Detroit,18149.58126,19847224.37
111,,26,163,544000,26163544000,5440,Census Tract 5440,G5020,S,1009307,0,+42.3823964,-083.2671854,Detroit,15097.37368,10862953.53
112,,26,163,543900,26163543900,5439,Census Tract 5439,G5020,S,1261533,0,+42.3819469,-083.2493385,Detroit,16982.63062,13577581.74
129,,26,163,501800,26163501800,5018,Census Tract 5018,G5020,S,1440312,0,+42.3983391,-082.9316723,Detroit,15943.75253,15501798.65
130,,26,163,501700,26163501700,5017,Census Tract 5017,G5020,S,1199562,0,+42.4042423,-082.9212936,Detroit,16733.23897,12910631.17
131,,26,163,501600,26163501600,5016,Census Tract 5016,G5020,S,1213127,0,+42.4129132,-082.9207524,Detroit,18504.45978,13056593.36
132,,26,163,546200,26163546200,5462,Census Tract 5462,G5020,S,2713585,39555,+42.3464216,-083.2528230,Detroit,22843.30087,29631689.88
133,,26,163,543200,26163543200,5432,Census Tract 5432,G5020,S,1285880,0,+42.4112995,-083.2475927,Detroit,16229.85107,13839528.75
134,,26,163,543100,26163543100,5431,Census Tract 5431,G5020,S,948981,0,+42.4126595,-083.2284219,Detroit,14266.2054,10213591.48
135,,26,163,543000,26163543000,5430,Census Tract 5430,G5020,S,928236,0,+42.4068106,-083.2257349,Detroit,14875.97704,9990298.372
136,,26,163,542900,26163542900,5429,Census Tract 5429,G5020,S,1301945,0,+42.3988392,-083.2260719,Detroit,15618.96559,14012505.1
137,,26,163,542800,26163542800,5428,Census Tract 5428,G5020,S,875543,0,+42.3901406,-083.2243491,Detroit,12414.2666,9423223.836
138,,26,163,542700,26163542700,5427,Census Tract 5427,G5020,S,1414948,0,+42.3824612,-083.2268100,Detroit,15821.03502,15228726.64
139,,26,163,542600,26163542600,5426,Census Tract 5426,G5020,S,1379720,0,+42.3829687,-083.2077387,Detroit,16089.55341,14849614.58
140,,26,163,542500,26163542500,5425,Census Tract 5425,G5020,S,1057002,0,+42.3927935,-083.2132702,Detroit,14335.59712,11376277.04
141,,26,163,542400,26163542400,5424,Census Tract 5424,G5020,S,685968,0,+42.3908903,-083.2036174,Detroit,11257.51527,7382900.922
142,,26,163,542300,26163542300,5423,Census Tract 5423,G5020,S,828296,0,+42.3984056,-083.2054071,Detroit,14769.46379,8914719.535
143,,26,163,542200,26163542200,5422,Census Tract 5422,G5020,S,1300783,0,+42.4049237,-083.2086673,Detroit,15910.72209,13999953.9
144,,26,163,542100,26163542100,5421,Census Tract 5421,G5020,S,1299552,0,+42.4121468,-083.2090072,Detroit,15878.88669,13986668.79
145,,26,163,541800,26163541800,5418,Census Tract 5418,G5020,S,1202986,0,+42.4356241,-083.2828630,Detroit,15490.77603,12947295.3
146,,26,163,512200,26163512200,5122,Census Tract 5122,G5020,S,1333956,0,+42.3953197,-082.9768484,Detroit,14993.98367,14357125.62
147,,26,163,985500,26163985500,9855,Census Tract 9855,G5020,S,3397894,3081417,+42.3418558,-082.9781710,Detroit,38747.03084,69736727.15
148,,26,163,517300,26163517300,5173,Census Tract 5173,G5020,S,839443,0,+42.3456895,-083.0505419,Detroit,11875.11846,9034784.392
149,,26,163,518900,26163518900,5189,Census Tract 5189,G5020,S,1844379,0,+42.3525953,-083.0435070,Detroit,23057.68791,19850848.16
150,,26,163,513700,26163513700,5137,Census Tract 5137,G5020,S,3327454,505795,+42.3580493,-082.9609921,Detroit,32285.81358,41256978.25
151,,26,163,501500,26163501500,5015,Census Tract 5015,G5020,S,1602780,0,+42.4183457,-082.9264931,Detroit,17366.98491,17250268.67
152,,26,163,501400,26163501400,5014,Census Tract 5014,G5020,S,1272550,0,+42.4091561,-082.9385202,Detroit,16103.7032,13696126.38
153,,26,163,501300,26163501300,5013,Census Tract 5013,G5020,S,1235308,0,+42.4033690,-082.9505462,Detroit,14816.06213,13295381.89
154,,26,163,501200,26163501200,5012,Census Tract 5012,G5020,S,687695,0,+42.4114379,-082.9513090,Detroit,11273.35999,7401530.559
155,,26,163,501100,26163501100,5011,Census Tract 5011,G5020,S,1235566,0,+42.4128315,-082.9601612,Detroit,16719.47038,13298110.87
156,,26,163,501000,26163501000,5010,Census Tract 5010,G5020,S,896049,0,+42.4187276,-082.9515638,Detroit,15976.21584,9643917.715
157,,26,163,500900,26163500900,5009,Census Tract 5009,G5020,S,1166209,0,+42.4223549,-082.9475917,Detroit,17622.00534,12551597.02
158,,26,163,500800,26163500800,5008,Census Tract 5008,G5020,S,804943,0,+42.4246567,-082.9351961,Detroit,11710.28479,8663377.832
159,,26,163,500700,26163500700,5007,Census Tract 5007,G5020,S,1216845,0,+42.4295995,-082.9473259,Detroit,14821.52774,13096514.62
160,,26,163,500600,26163500600,5006,Census Tract 5006,G5020,S,1485934,0,+42.4315247,-082.9651767,Detroit,17228.45434,15992737.12
161,,26,163,500500,26163500500,5005,Census Tract 5005,G5020,S,813327,0,+42.4241342,-082.9679434,Detroit,12354.53255,8753587.715
162,,26,163,500400,26163500400,5004,Census Tract 5004,G5020,S,987878,0,+42.4261558,-082.9793388,Detroit,15285.58254,10632266.86
163,,26,163,500300,26163500300,5003,Census Tract 5003,G5020,S,1284678,0,+42.4388723,-082.9656436,Detroit,16124.1351,13826581.53
164,,26,163,541700,26163541700,5417,Census Tract 5417,G5020,S,1279696,0,+42.4361333,-083.2731759,Detroit,15475.94207,13772802.48
165,,26,163,541500,26163541500,5415,Census Tract 5415,G5020,S,1239091,0,+42.4362189,-083.2633513,Detroit,15494.3536,13335809.19
166,,26,163,541400,26163541400,5414,Census Tract 5414,G5020,S,2530797,3272,+42.4244065,-083.2688858,Detroit,20968.8196,27273232.18
167,,26,163,541300,26163541300,5413,Census Tract 5413,G5020,S,1283782,0,+42.4215788,-083.2821395,Detroit,15740.60463,13816894.78
168,,26,163,541200,26163541200,5412,Census Tract 5412,G5020,S,1139388,0,+42.4220120,-083.2537031,Detroit,15099.93725,12262804.55
169,,26,163,541100,26163541100,5411,Census Tract 5411,G5020,S,1431843,0,+42.4222559,-083.2439581,Detroit,16371.72442,15410392.93
170,,26,163,541000,26163541000,5410,Census Tract 5410,G5020,S,1284427,0,+42.4329511,-083.2487283,Detroit,15758.38749,13823845.49
171,,26,163,540900,26163540900,5409,Census Tract 5409,G5020,S,1262475,0,+42.4401121,-083.2489699,Detroit,15675.43758,13587513.98
172,,26,163,540800,26163540800,5408,Census Tract 5408,G5020,S,1267530,0,+42.4405745,-083.2295474,Detroit,15756.4002,13641897.35
173,,26,163,540700,26163540700,5407,Census Tract 5407,G5020,S,1285936,0,+42.4334044,-083.2292261,Detroit,15863.22373,13840005.27
174,,26,163,540600,26163540600,5406,Census Tract 5406,G5020,S,1197254,0,+42.4224753,-083.2339950,Detroit,15409.57781,12885617.22
175,,26,163,540500,26163540500,5405,Census Tract 5405,G5020,S,1389937,1896,+42.4237296,-083.2251159,Detroit,16240.96914,14979840.62
176,,26,163,540400,26163540400,5404,Census Tract 5404,G5020,S,1277210,0,+42.4193657,-083.2091493,Detroit,15722.50945,13746174.73
177,,26,163,540300,26163540300,5403,Census Tract 5403,G5020,S,1288765,0,+42.4266089,-083.2094015,Detroit,15747.25179,13870500.7
178,,26,163,505400,26163505400,5054,Census Tract 5054,G5020,S,1390236,0,+42.4186463,-082.9937654,Detroit,18230.7387,14962674.44
179,,26,163,505500,26163505500,5055,Census Tract 5055,G5020,S,1905278,0,+42.3970633,-083.0014601,Detroit,20033.72777,20506088.2
180,,26,163,511000,26163511000,5110,Census Tract 5110,G5020,S,5055983,0,+42.4008260,-083.0306599,Detroit,36414.29266,54416183.11
181,,26,163,511300,26163511300,5113,Census Tract 5113,G5020,S,1513883,0,+42.4154477,-083.0497684,Detroit,17942.33883,16293457.05
182,,26,163,523300,26163523300,5233,Census Tract 5233,G5020,S,700693,0,+42.3172270,-083.0975239,Detroit,11859.05187,7541601.283
183,,26,163,523200,26163523200,5232,Census Tract 5232,G5020,S,855804,0,+42.3144563,-083.1042425,Detroit,12645.23429,9211061.772
184,,26,163,523100,26163523100,5231,Census Tract 5231,G5020,S,1475574,0,+42.3259510,-083.1023821,Detroit,19258.28755,15881582.46
185,,26,163,522300,26163522300,5223,Census Tract 5223,G5020,S,1651498,0,+42.3565382,-083.0965947,Detroit,18788.10719,17774853.38
186,,26,163,522200,26163522200,5222,Census Tract 5222,G5020,S,525670,0,+42.3511187,-083.1065656,Detroit,10170.09864,5657701.229
187,,26,163,522100,26163522100,5221,Census Tract 5221,G5020,S,1112081,0,+42.3435090,-083.1014140,Detroit,14617.05573,11969249.2
188,,26,163,522000,26163522000,5220,Census Tract 5220,G5020,S,1606031,0,+42.3435757,-083.0875891,Detroit,18897.83123,17285547.52
189,,26,163,515900,26163515900,5159,Census Tract 5159,G5020,S,1268220,0,+42.3829752,-083.0169292,Detroit,18446.87593,13649579.53
190,,26,163,508100,26163508100,5081,Census Tract 5081,G5020,S,1574310,0,+42.4408940,-083.1014824,Detroit,17815.43833,16943729.17
191,,26,163,511400,26163511400,5114,Census Tract 5114,G5020,S,1951620,0,+42.3900705,-083.0776630,Detroit,18230.5098,21004809.82
192,,26,163,514200,26163514200,5142,Census Tract 5142,G5020,S,982297,0,+42.3817139,-083.0084252,Detroit,15860.93547,10572250.38
193,,26,163,516000,26163516000,5160,Census Tract 5160,G5020,S,1436083,0,+42.3714831,-083.0093251,Detroit,15560.99725,15456313.72
194,,26,163,522500,26163522500,5225,Census Tract 5225,G5020,S,934676,0,+42.3411363,-083.0606837,Detroit,12793.09462,10059820.24
195,,26,163,500200,26163500200,5002,Census Tract 5002,G5020,S,939797,0,+42.4461071,-082.9633178,Detroit,13301.91662,10114711.67
196,,26,163,500100,26163500100,5001,Census Tract 5001,G5020,S,1202405,0,+42.4444014,-082.9509210,Detroit,16355.32162,12941071.58
197,,26,163,540200,26163540200,5402,Census Tract 5402,G5020,S,1275281,0,+42.4338414,-083.2097474,Detroit,15807.9163,13725355.92
198,,26,163,540100,26163540100,5401,Census Tract 5401,G5020,S,1239901,0,+42.4409076,-083.2102951,Detroit,15199.31126,13344586.97
199,,26,163,539700,26163539700,5397,Census Tract 5397,G5020,S,743932,0,+42.4346911,-083.1956884,Detroit,13307.32377,8006637.048
200,,26,163,539600,26163539600,5396,Census Tract 5396,G5020,S,1113226,0,+42.4267839,-083.1911640,Detroit,15105.76228,11981304.45
201,,26,163,539500,26163539500,5395,Census Tract 5395,G5020,S,1569337,0,+42.4198239,-083.1873321,Detroit,18789.67775,16890260.17
202,,26,163,539400,26163539400,5394,Census Tract 5394,G5020,S,1166815,0,+42.4258579,-083.1758620,Detroit,16790.48426,12558019.19
203,,26,163,539300,26163539300,5393,Census Tract 5393,G5020,S,1314752,0,+42.4348464,-083.1809086,Detroit,16594.19895,14150182.13
204,,26,163,539200,26163539200,5392,Census Tract 5392,G5020,S,1814237,0,+42.4418860,-083.1852528,Detroit,21202.24985,19525861.21
205,,26,163,539100,26163539100,5391,Census Tract 5391,G5020,S,622448,0,+42.4421933,-083.1662919,Detroit,10433.37098,6699171.573
206,,26,163,539000,26163539000,5390,Census Tract 5390,G5020,S,1307734,0,+42.4423439,-083.1516011,Detroit,15859.84954,14074621.3
207,,26,163,538900,26163538900,5389,Census Tract 5389,G5020,S,1286031,0,+42.4350607,-083.1513465,Detroit,15762.88836,13841070.57
208,,26,163,538800,26163538800,5388,Census Tract 5388,G5020,S,660948,0,+42.4350112,-083.1659258,Detroit,10655.73611,7113542.616
209,,26,163,525000,26163525000,5250,Census Tract 5250,G5020,S,3958989,1047762,+42.3036532,-083.0973176,Detroit,34016.60161,53887944.17
210,,26,163,530900,26163530900,5309,Census Tract 5309,G5020,S,1262451,0,+42.3753050,-083.1262756,Detroit,15930.83133,13587509.02
211,,26,163,538700,26163538700,5387,Census Tract 5387,G5020,S,1292503,0,+42.4240331,-083.1655643,Detroit,15848.64349,13910756.94
212,,26,163,538600,26163538600,5386,Census Tract 5386,G5020,S,1277524,0,+42.4278669,-083.1510894,Detroit,15781.94667,13749528.9
213,,26,163,538500,26163538500,5385,Census Tract 5385,G5020,S,1288343,0,+42.4206842,-083.1507627,Detroit,15828.17497,13865966.41
214,,26,163,538400,26163538400,5384,Census Tract 5384,G5020,S,1307395,0,+42.4244427,-083.1362309,Detroit,15969.89079,14071033.21
215,,26,163,538300,26163538300,5383,Census Tract 5383,G5020,S,2799494,16455,+42.4269590,-083.1237435,Detroit,22732.07122,30307095.93
216,,26,163,538200,26163538200,5382,Census Tract 5382,G5020,S,1406189,0,+42.4349753,-083.1300384,Detroit,18620.53542,15134300.63
217,,26,163,538100,26163538100,5381,Census Tract 5381,G5020,S,1485846,4172,+42.4413341,-083.1269354,Detroit,17386.87249,16036489.53
218,,26,163,537800,26163537800,5378,Census Tract 5378,G5020,S,827659,0,+42.3918919,-083.1877019,Detroit,14069.4917,8907917.468
219,,26,163,537700,26163537700,5377,Census Tract 5377,G5020,S,944672,0,+42.3980970,-083.1914647,Detroit,12958.72059,10167258.31
220,,26,163,537600,26163537600,5376,Census Tract 5376,G5020,S,950445,0,+42.4126361,-083.1920649,Detroit,12963.5444,10229329.23
221,,26,163,537500,26163537500,5375,Census Tract 5375,G5020,S,939987,0,+42.4053507,-083.1917756,Detroit,12946.27739,10116835.16
222,,26,163,537300,26163537300,5373,Census Tract 5373,G5020,S,1337496,0,+42.3848282,-083.1918279,Detroit,15682.76283,14395177.74
223,,26,163,537200,26163537200,5372,Census Tract 5372,G5020,S,1212296,0,+42.3881477,-083.1758564,Detroit,14357.58711,13047644.73
224,,26,163,537100,26163537100,5371,Census Tract 5371,G5020,S,1136671,0,+42.3979765,-083.1765031,Detroit,14792.00395,12233673.76
225,,26,163,537000,26163537000,5370,Census Tract 5370,G5020,S,1006722,0,+42.4057432,-083.1771291,Detroit,13470.55397,10835039.08
226,,26,163,536900,26163536900,5369,Census Tract 5369,G5020,S,974592,0,+42.4129308,-083.1776478,Detroit,13050.99484,10489252.8
227,,26,163,536800,26163536800,5368,Census Tract 5368,G5020,S,634692,0,+42.4064903,-083.1658850,Detroit,12435.58168,6830980.837
228,,26,163,536700,26163536700,5367,Census Tract 5367,G5020,S,643751,0,+42.3987581,-083.1643604,Detroit,10525.56753,6928514.606
229,,26,163,536600,26163536600,5366,Census Tract 5366,G5020,S,1843081,0,+42.3899155,-083.1588972,Detroit,20846.01672,19836597.89
230,,26,163,536500,26163536500,5365,Census Tract 5365,G5020,S,1260539,0,+42.3884460,-083.1445271,Detroit,17001.62587,13566894.62
231,,26,163,536400,26163536400,5364,Census Tract 5364,G5020,S,1289590,0,+42.3989571,-083.1498100,Detroit,15787.64248,13879502.85
232,,26,163,536300,26163536300,5363,Census Tract 5363,G5020,S,1284524,0,+42.4061973,-083.1501123,Detroit,15768.45951,13824951.91
233,,26,163,536200,26163536200,5362,Census Tract 5362,G5020,S,672847,0,+42.4127063,-083.1641142,Detroit,12726.22008,7241632.71
234,,26,163,536100,26163536100,5361,Census Tract 5361,G5020,S,1295098,0,+42.4134413,-083.1504213,Detroit,15795.7131,13938734.87
235,,26,163,535700,26163535700,5357,Census Tract 5357,G5020,S,650215,0,+42.3624512,-083.1629391,Detroit,10624.3431,6998155.506
236,,26,163,535600,26163535600,5356,Census Tract 5356,G5020,S,1298510,0,+42.3551099,-083.1675599,Detroit,15907.11976,13975691.12
237,,26,163,535500,26163535500,5355,Census Tract 5355,G5020,S,978045,0,+42.3546687,-083.1894514,Detroit,13259.30517,10526566.29
238,,26,163,535400,26163535400,5354,Census Tract 5354,G5020,S,985063,0,+42.3619120,-083.1897249,Detroit,13282.49565,10602065.54
239,,26,163,535300,26163535300,5353,Census Tract 5353,G5020,S,1927417,0,+42.3727250,-083.1899689,Detroit,19163.64842,20744448.14
240,,26,163,535200,26163535200,5352,Census Tract 5352,G5020,S,1406405,0,+42.3783005,-083.1753987,Detroit,15742.62439,15136829.64
241,,26,163,535100,26163535100,5351,Census Tract 5351,G5020,S,970809,0,+42.3694786,-083.1753696,Detroit,13225.27304,10448657.56
242,,26,163,535000,26163535000,5350,Census Tract 5350,G5020,S,1277032,0,+42.3603948,-083.1762139,Detroit,18446.52652,13744514.74
243,,26,163,534700,26163534700,5347,Census Tract 5347,G5020,S,1073921,0,+42.3591263,-083.1538569,Detroit,15050.79048,11558459.27
244,,26,163,534600,26163534600,5346,Census Tract 5346,G5020,S,808527,0,+42.3555106,-083.1437193,Detroit,12387.97155,8702046.719
245,,26,163,534500,26163534500,5345,Census Tract 5345,G5020,S,1217240,0,+42.3652492,-083.1451954,Detroit,15575.57428,13101014.03
246,,26,163,534400,26163534400,5344,Census Tract 5344,G5020,S,926768,0,+42.3693259,-083.1588593,Detroit,14537.36716,9974646.236
247,,26,163,534300,26163534300,5343,Census Tract 5343,G5020,S,763075,0,+42.3749313,-083.1627851,Detroit,13964.6286,8212812.754
248,,26,163,534200,26163534200,5342,Census Tract 5342,G5020,S,1693674,0,+42.3798594,-083.1559200,Detroit,19200.20547,18228657
249,,26,163,534100,26163534100,5341,Census Tract 5341,G5020,S,763226,0,+42.3750600,-083.1423228,Detroit,12902.27498,8214519.053
250,,26,163,533700,26163533700,5337,Census Tract 5337,G5020,S,836297,0,+42.3569040,-083.1335477,Detroit,13120.55238,9000964.122
251,,26,163,533600,26163533600,5336,Census Tract 5336,G5020,S,890734,0,+42.3563635,-083.1217128,Detroit,12824.92915,9586845.203
252,,26,163,533500,26163533500,5335,Census Tract 5335,G5020,S,472739,0,+42.3624806,-083.1312395,Detroit,11695.20626,5087976.312
253,,26,163,533400,26163533400,5334,Census Tract 5334,G5020,S,1234730,0,+42.3633711,-083.1191094,Detroit,16700.95465,13289232.48
254,,26,163,533300,26163533300,5333,Census Tract 5333,G5020,S,690233,0,+42.3621943,-083.1067231,Detroit,10959.87991,7428882.393
255,,26,163,533200,26163533200,5332,Census Tract 5332,G5020,S,626351,0,+42.3687113,-083.1111289,Detroit,10390.17599,6741302.261
256,,26,163,533100,26163533100,5331,Census Tract 5331,G5020,S,610243,0,+42.3718956,-083.1019312,Detroit,10265.70085,6567913.843
257,,26,163,533000,26163533000,5330,Census Tract 5330,G5020,S,743564,0,+42.3655279,-083.0976664,Detroit,11305.90881,8002859.346
258,,26,163,532700,26163532700,5327,Census Tract 5327,G5020,S,585116,0,+42.3752477,-083.0927712,Detroit,10082.75575,6297498.072
259,,26,163,532600,26163532600,5326,Census Tract 5326,G5020,S,706339,0,+42.3689514,-083.0885598,Detroit,11030.06106,7602210.351
260,,26,163,532400,26163532400,5324,Census Tract 5324,G5020,S,546624,0,+42.3784502,-083.0840723,Detroit,9711.987615,5883184.261
261,,26,163,532300,26163532300,5323,Census Tract 5323,G5020,S,676333,0,+42.3840376,-083.0891148,Detroit,11661.35392,7279233.086
262,,26,163,532200,26163532200,5322,Census Tract 5322,G5020,S,699727,0,+42.3884007,-083.0939521,Detroit,11711.67472,7530991.992
263,,26,163,531900,26163531900,5319,Census Tract 5319,G5020,S,708605,0,+42.3902385,-083.1062989,Detroit,14754.18708,7626576.06
264,,26,163,531800,26163531800,5318,Census Tract 5318,G5020,S,868850,0,+42.3903871,-083.1146956,Detroit,12326.56254,9351216.73
265,,26,163,531700,26163531700,5317,Census Tract 5317,G5020,S,749294,0,+42.3980117,-083.1171527,Detroit,11970.64595,8064441.463
266,,26,163,531600,26163531600,5316,Census Tract 5316,G5020,S,559379,0,+42.3941530,-083.1282997,Detroit,9803.222202,6020445.2
267,,26,163,531500,26163531500,5315,Census Tract 5315,G5020,S,865980,0,+42.3870970,-083.1235622,Detroit,12332.54973,9320350.914
268,,26,163,531400,26163531400,5314,Census Tract 5314,G5020,S,502012,0,+42.3803842,-083.1189728,Detroit,9404.675473,5403056.561
269,,26,163,531300,26163531300,5313,Census Tract 5313,G5020,S,579536,0,+42.3833022,-083.1097921,Detroit,10023.58858,6237394.905
270,,26,163,531200,26163531200,5312,Census Tract 5312,G5020,S,1079279,0,+42.3788297,-083.1020097,Detroit,14781.83023,11616059.85
271,,26,163,531100,26163531100,5311,Census Tract 5311,G5020,S,623803,0,+42.3748819,-083.1152689,Detroit,10374.81093,6713863.493
272,,26,163,530800,26163530800,5308,Census Tract 5308,G5020,S,1167896,0,+42.3716662,-083.1339332,Detroit,15160.91556,12569855.54
273,,26,163,530500,26163530500,5305,Census Tract 5305,G5020,S,750419,0,+42.3844331,-083.1340130,Detroit,11730.29237,8076573.718
274,,26,163,530400,26163530400,5304,Census Tract 5304,G5020,S,445674,0,+42.3909517,-083.1361282,Detroit,9033.399331,4796658.017
275,,26,163,530300,26163530300,5303,Census Tract 5303,G5020,S,1611629,0,+42.4008029,-083.1306653,Detroit,18801.73098,17345482.05
276,,26,163,530200,26163530200,5302,Census Tract 5302,G5020,S,1426268,0,+42.4111231,-083.1341948,Detroit,15822.96825,15350540.02
277,,26,163,530100,26163530100,5301,Census Tract 5301,G5020,S,1292334,0,+42.4096746,-083.1216653,Detroit,16698.34217,13908994.45
278,,26,163,526400,26163526400,5264,Census Tract 5264,G5020,S,567045,0,+42.3405358,-083.1309829,Detroit,10833.53419,6103039.67
279,,26,163,526300,26163526300,5263,Census Tract 5263,G5020,S,1013504,0,+42.3390784,-083.1384863,Detroit,13852.01403,10908254.39
280,,26,163,526200,26163526200,5262,Census Tract 5262,G5020,S,702689,0,+42.3372007,-083.1452619,Detroit,13112.19801,7562973.886
281,,26,163,526100,26163526100,5261,Census Tract 5261,G5020,S,683496,0,+42.3334778,-083.1520873,Detroit,11295.23413,7356469.731
282,,26,163,526000,26163526000,5260,Census Tract 5260,G5020,S,1679893,0,+42.3259356,-083.1429717,Detroit,18595.63448,18080584.2
283,,26,163,525800,26163525800,5258,Census Tract 5258,G5020,S,564971,0,+42.3332194,-083.1284291,Detroit,11837.39081,6080773.081
284,,26,163,525700,26163525700,5257,Census Tract 5257,G5020,S,1363781,0,+42.3267956,-083.1262619,Detroit,15942.63839,14678332.17
285,,26,163,525600,26163525600,5256,Census Tract 5256,G5020,S,778857,0,+42.3282644,-083.1115806,Detroit,12430.08119,8382832.647
286,,26,163,525500,26163525500,5255,Census Tract 5255,G5020,S,875685,0,+42.3340140,-083.1093553,Detroit,13900.92153,9424947.512
287,,26,163,525400,26163525400,5254,Census Tract 5254,G5020,S,1203860,0,+42.3391838,-083.1140246,Detroit,16032.94062,12957083.59
288,,26,163,527300,26163527300,5273,Census Tract 5273,G5020,S,1016296,0,+42.3457181,-083.1184380,Detroit,13842.60341,10938317.24
289,,26,163,527200,26163527200,5272,Census Tract 5272,G5020,S,637165,0,+42.3515946,-083.1186144,Detroit,14022.14833,6857741.836
290,,26,163,524700,26163524700,5247,Census Tract 5247,G5020,S,2034764,0,+42.2739530,-083.1526152,Detroit,21189.18405,21900504.62
291,,26,163,524500,26163524500,5245,Census Tract 5245,G5020,S,2767947,126346,+42.2868892,-083.1512103,Detroit,26092.61161,31151556.14
292,,26,163,524300,26163524300,5243,Census Tract 5243,G5020,S,1588716,51534,+42.3001177,-083.1320379,Detroit,24575.80779,17654125.67
293,,26,163,524200,26163524200,5242,Census Tract 5242,G5020,S,864528,0,+42.3070018,-083.1291089,Detroit,13336.6241,9304949.807
294,,26,163,524100,26163524100,5241,Census Tract 5241,G5020,S,1822596,8689,+42.3113650,-083.1373320,Detroit,20138.60593,19710136.16
295,,26,163,524000,26163524000,5240,Census Tract 5240,G5020,S,1627952,0,+42.3169861,-083.1199144,Detroit,18827.15065,17521683.96
296,,26,163,523800,26163523800,5238,Census Tract 5238,G5020,S,1287632,0,+42.3078841,-083.1139929,Detroit,18115.63729,13858835.48
297,,26,163,523400,26163523400,5234,Census Tract 5234,G5020,S,770160,0,+42.3196503,-083.0910903,Detroit,12172.28113,8289232.919
